id	username	full name	email
31	aslammdkhan	Aslam Khan	aslam.khan@hpe.com
92	danielarch	Daniela Ramirez	daniela.rch@hpe.com
1	ddompe	Diego Dompe	dompe@hpe.com
4	mzayats	Michael Zayats	michael.zayats@hpe.com
10	mohanrbr	Mohan Ram Bhadravati	mohan-ram.r.bhadravati@hp.com
29	rajarahu	Rahul Rajagopal	rahulr@hpe.com
74	samparan	Rangaprasad Sampath	rangaprasad.sampath@hpe.com
30	Walinton	Walinton Cambronero	walinton.cambronero@hpe.com
7	jennahung	jennahung	jenna.hung@hpe.com
